{"score": 51.32730830088258, "min_score": 51.32730830088258}